day,start_span,original_entity,lat,lng,resolved_entity
1,660,Basreh,36.1445,45.574,Basreh
2,297,Amara,45.24866,27.29244,Amara
3,201,Dawar,32.98389,44.73806,Dawar
3,511,Ctesiphon,33.08333,44.58333,Ctesiphon
3,647,Menary,48.94991,-93.90034,Menary
3,739,Diala,33.23562,74.37585,Diala River
3,1015,Basreh,36.1445,45.574,Basreh
3,1106,Baghdad,33.34058,44.40088,Baghdad
3,1430,Vienna,48.20849,16.37208,Vienna
3,1566,Vienna,48.20849,16.37208,Vienna
3,1577,Paris,48.85341,2.3488,Paris
4,319,Basreh,36.1445,45.574,Basreh
4,372,Baghdad,33.34058,44.40088,Baghdad
4,387,Paris,48.85341,2.3488,Paris
4,864,Basreh,36.1445,45.574,Basreh
4,903,Baghdad,33.34058,44.40088,Baghdad
4,1012,Vienna,48.20849,16.37208,Vienna
4,1311,Paris,48.85341,2.3488,Paris
4,1370,Paris,48.85341,2.3488,Paris
4,1622,Baghdad,33.34058,44.40088,Baghdad
4,1853,Paris,48.85341,2.3488,Paris
4,1886,Paris,48.85341,2.3488,Paris
4,2593,London,51.50853,-0.12574,London
4,3118,London,51.50853,-0.12574,London
4,3328,London,51.50853,-0.12574,London
4,3347,Paris,48.85341,2.3488,Paris
4,3476,Baghdad,33.34058,44.40088,Baghdad
4,3974,Paris,48.85341,2.3488,Paris
4,4485,Baghdad,33.34058,44.40088,Baghdad
4,4636,Bagdad,33.34058,44.40088,Baghdad
4,5233,Paris,48.85341,2.3488,Paris
5,650,France,46,2,France
5,952,Paris,48.85341,2.3488,Paris
5,1011,Marseilles,43.29695,5.38107,Marseilles
5,1024,Baghdad,33.34058,44.40088,Baghdad
5,1474,France,46,2,France
6,302,Paris,48.85341,2.3488,Paris
6,387,Baghdad,33.34058,44.40088,Baghdad
6,557,London,51.50853,-0.12574,London
6,615,Paris,48.85341,2.3488,Paris
6,661,Baghdad,33.34058,44.40088,Baghdad
7,435,Paris,48.85341,2.3488,Paris
7,608,France,46,2,France
8,326,Paris,48.85341,2.3488,Paris
8,565,Baghdad,33.34058,44.40088,Baghdad
8,660,Bagdad,33.34058,44.40088,Baghdad
8,1055,Baghdad,33.34058,44.40088,Baghdad
8,1713,London,51.50853,-0.12574,London
8,1871,London,51.50853,-0.12574,London
9,76,Baghdad,33.34058,44.40088,Baghdad
9,87,Basrah,30.50852,47.7804,Basreh
9,255,Baghdad,33.34058,44.40088,Baghdad
9,505,Ctesiphon,33.08333,44.58333,Ctesiphon
9,867,Ctesiphon,33.08333,44.58333,Ctesiphon
9,1101,Ledje,32.93481,36.385,Ledje
10,146,Ledje,32.93481,36.385,Ledje
10,297,Baghdad,33.34058,44.40088,Baghdad
10,675,Baghdad,33.34058,44.40088,Baghdad
10,1466,Ledje,32.93481,36.385,Ledje
10,1474,Ctesiphon,33.08333,44.58333,Ctesiphon
10,2332,Baghdad,33.34058,44.40088,Baghdad
11,704,Baghdad,33.34058,44.40088,Baghdad
11,1325,Baghdad,33.34058,44.40088,Baghdad
11,1567,Vienna,48.20849,16.37208,Vienna
11,1820,Paris,48.85341,2.3488,Paris
11,2547,Baghdad,33.34058,44.40088,Baghdad
11,2721,Berlin,52.52437,13.41053,Berlin
12,1241,Baghdad,33.34058,44.40088,Baghdad
12,1509,London,51.50853,-0.12574,London
12,1651,Baghdad,33.34058,44.40088,Baghdad
16,418,Basreh,36.1445,45.574,Basreh
16,427,Baghdad,33.34058,44.40088,Baghdad
17,453,Amara,45.24866,27.29244,Amara
17,562,Amara,45.24866,27.29244,Amara
17,837,Amara,45.24866,27.29244,Amara
18,100,Amara,45.24866,27.29244,Amara
18,125,Amara,45.24866,27.29244,Amara
18,191,Amara,45.24866,27.29244,Amara
18,339,Gorna,51.12936,13.39085,Gorna
18,589,Basreh,36.1445,45.574,Basreh
18,1118,Basreh,36.1445,45.574,Basreh
19,268,Basreh,36.1445,45.574,Basreh
20,325,Basreh,36.1445,45.574,Basreh
21,604,Paris,48.85341,2.3488,Paris
22,459,Basreh,36.1445,45.574,Basreh
22,550,Paris,48.85341,2.3488,Paris
22,648,Paris,48.85341,2.3488,Paris
22,879,France,46,2,France
22,1013,Basreh,36.1445,45.574,Basreh
22,1791,Basreh,36.1445,45.574,Basreh
22,1820,London,51.50853,-0.12574,London
22,1892,Basreh,36.1445,45.574,Basreh
23,72,Basreh,36.1445,45.574,Basreh
23,352,Basreh,36.1445,45.574,Basreh
24,182,Basreh,36.1445,45.574,Basreh
25,230,Basreh,36.1445,45.574,Basreh
25,453,Basreh,36.1445,45.574,Basreh
26,212,Gorna,51.12936,13.39085,Gorna
26,387,Basreh,36.1445,45.574,Basreh
26,397,Baghdad,33.34058,44.40088,Baghdad
26,536,Basreh,36.1445,45.574,Basreh
26,614,Gorna,51.12936,13.39085,Gorna
26,729,Gorna,51.12936,13.39085,Gorna
27,733,Baghdad,33.34058,44.40088,Baghdad
27,964,Amara,45.24866,27.29244,Amara
27,1006,Amara,45.24866,27.29244,Amara
27,1270,Amara,45.24866,27.29244,Amara
28,38,Amara,45.24866,27.29244,Amara
28,248,Amara,45.24866,27.29244,Amara
28,441,Sheikh Saad,32.83548,36.03716,Sheikh Saad
29,415,Umel,33.93834,63.43903,Umel
29,570,Katif,14.48269,43.97484,Katif
30,370,Ctesiphon,33.08333,44.58333,Ctesiphon
30,507,Bombay,19.07283,72.88261,Bombay
30,541,Basreh,36.1445,45.574,Basreh
30,1350,Basreh,36.1445,45.574,Basreh
30,1410,Paris,48.85341,2.3488,Paris
30,1450,Baghdad,33.34058,44.40088,Baghdad
30,1560,Paris,48.85341,2.3488,Paris
30,1595,London,51.50853,-0.12574,London
30,1862,Paris,48.85341,2.3488,Paris
30,2048,Paris,48.85341,2.3488,Paris
31,941,Baghdad,33.34058,44.40088,Baghdad
31,1101,Paris,48.85341,2.3488,Paris
31,1175,Paris,48.85341,2.3488,Paris
31,1503,Vienna,48.20849,16.37208,Vienna
31,1512,Paris,48.85341,2.3488,Paris
31,1572,Vienna,48.20849,16.37208,Vienna
31,1882,Mardin,37.31775,40.71533,Mardin
31,2017,Mossul,36.335,43.11889,Mossul
32,297,Paris,48.85341,2.3488,Paris
32,352,Constantinople,41.01384,28.94966,Constantinople
33,1172,Mardin,37.31775,40.71533,Mardin
33,1183,Deir,25.33503,32.58179,Deir
33,1288,London,51.50853,-0.12574,London
33,1343,Baghdad,33.34058,44.40088,Baghdad
33,1530,Basreh,36.1445,45.574,Basreh
33,1701,Paris,48.85341,2.3488,Paris
33,1736,Baghdad,33.34058,44.40088,Baghdad
33,1753,Constantinople,41.01384,28.94966,Constantinople
36,213,Mardin,37.31775,40.71533,Mardin
36,224,Deir,25.33503,32.58179,Deir
36,456,Paris,48.85341,2.3488,Paris
36,513,Aleppo,36.20124,37.16117,Aleppo
36,523,Mardin,37.31775,40.71533,Mardin
36,917,Yemen,15.5,47.5,Yemen
36,1039,Paris,48.85341,2.3488,Paris
36,1068,Baghdad,33.34058,44.40088,Baghdad
36,1084,Constantinople,41.01384,28.94966,Constantinople
36,1631,Basreh,36.1445,45.574,Basreh
37,152,Baghdad,33.34058,44.40088,Baghdad
37,163,Basrah,30.50852,47.7804,Basreh
37,407,Ctesiphon,33.08333,44.58333,Ctesiphon
37,559,Basreh,36.1445,45.574,Basreh
37,673,Basreh,36.1445,45.574,Basreh
37,735,Amara,45.24866,27.29244,Amara
37,789,Basreh,36.1445,45.574,Basreh
38,699,Abdulla,32.65773,68.78724,Abdulla
39,166,Memlah,34.30101,70.10191,Memlah
40,78,Amara,45.24866,27.29244,Amara
40,537,Baghdad,33.34058,44.40088,Baghdad
40,827,Amara,45.24866,27.29244,Amara
40,997,Amara,45.24866,27.29244,Amara
40,1078,Amara,45.24866,27.29244,Amara
40,1368,Amara,45.24866,27.29244,Amara
41,89,Amara,45.24866,27.29244,Amara
41,254,Anara,35.3711,49.88715,Amara
41,694,Gorna,51.12936,13.39085,Gorna
41,772,Gorna,51.12936,13.39085,Gorna
41,833,Basreh,36.1445,45.574,Basreh
42,114,Bushire,28.96887,50.83657,Bushire
42,302,America,22.75,-82.31667,America
42,337,Mackenzie,-27.54351,153.12057,Mackenzie
42,1388,Basreh,36.1445,45.574,Basreh
42,1398,Baghdad,33.34058,44.40088,Baghdad
43,267,Gorna,51.12936,13.39085,Gorna
43,414,Meshed,36.29807,59.60567,Meshed
44,47,Amara,45.24866,27.29244,Amara
44,510,Amara,45.24866,27.29244,Amara
44,737,Elbow,43.65737,-70.2589,Elbow
44,1164,Amara,45.24866,27.29244,Amara
44,1263,Amara,45.24866,27.29244,Amara
44,1332,Amara,45.24866,27.29244,Amara
44,1403,Basreh,36.1445,45.574,Basreh
44,1493,Amara,45.24866,27.29244,Amara
44,1705,Amara,45.24866,27.29244,Amara
44,1986,Amara,45.24866,27.29244,Amara
44,2049,Amara,45.24866,27.29244,Amara
45,110,Amara,45.24866,27.29244,Amara
45,225,Amara,45.24866,27.29244,Amara
45,322,Sheikh Saad,32.83548,36.03716,Sheikh Saad
46,203,Baghdad,33.34058,44.40088,Baghdad
46,556,Basreh,36.1445,45.574,Basreh
47,186,Zwera,18.4715,-11.9851,Swera
47,309,Bostan,42.35843,-71.05977,Bostan
47,1136,Geneva,46.20222,6.14569,Geneva
47,1282,Basreh,36.1445,45.574,Basreh
47,1574,Baghdad,33.34058,44.40088,Baghdad
47,1874,London,51.50853,-0.12574,London
48,546,Paris,48.85341,2.3488,Paris
48,637,Marseilles,43.29695,5.38107,Marseilles
48,805,Basreh,36.1445,45.574,Basreh
48,953,Basreh,36.1445,45.574,Basreh
48,972,Basreh,36.1445,45.574,Basreh
48,1198,Paris,48.85341,2.3488,Paris
48,1220,Baghdad,33.34058,44.40088,Baghdad
48,1333,Paris,48.85341,2.3488,Paris
48,1886,Marseilles,43.29695,5.38107,Marseilles
49,256,Paris,48.85341,2.3488,Paris
49,324,Marseilles,43.29695,5.38107,Marseilles
49,342,Basreh,36.1445,45.574,Basreh
49,474,Kallah,32.18664,75.09803,Kallah
49,482,London,51.50853,-0.12574,London
49,874,Baghdad,33.34058,44.40088,Baghdad
49,913,Aleppo,36.20124,37.16117,Aleppo
49,922,Deir,25.33503,32.58179,Deir
50,290,Basreh,36.1445,45.574,Basreh
50,823,Basreh,36.1445,45.574,Basreh
51,258,Baghdad,33.34058,44.40088,Baghdad
51,269,Basreh,36.1445,45.574,Basreh
51,870,Diala,33.23562,74.37585,Diala River
51,1254,Ctesiphon,33.08333,44.58333,Ctesiphon
52,792,London,51.50853,-0.12574,London
52,850,Basreh,36.1445,45.574,Basreh
54,427,Amara,45.24866,27.29244,Amara
54,525,Amara,45.24866,27.29244,Amara
54,686,Amara,45.24866,27.29244,Amara
55,123,Amara,45.24866,27.29244,Amara
55,368,Gorna,51.12936,13.39085,Gorna
55,420,Basreh,36.1445,45.574,Basreh
55,732,England,52.16045,-0.70312,England
56,182,Marseilles,43.29695,5.38107,Marseilles
56,246,Marseilles,43.29695,5.38107,Marseilles
56,1101,Basreh,36.1445,45.574,Basreh
56,1111,Baghdad,33.34058,44.40088,Baghdad
56,1198,Basreh,36.1445,45.574,Basreh
57,104,Gorna,51.12936,13.39085,Gorna
58,868,Basreh,36.1445,45.574,Basreh
58,983,Amara,45.24866,27.29244,Amara
58,1171,Amara,45.24866,27.29244,Amara
59,241,Amara,45.24866,27.29244,Amara
60,139,Memlah,34.30101,70.10191,Memlah
61,144,Ctesiphon,33.08333,44.58333,Ctesiphon
61,327,Diala,33.23562,74.37585,Diala River
61,1918,Antoin,-10.1515,123.8905,Antoin
61,2247,Basreh,36.1445,45.574,Basreh
61,2262,Basreh,36.1445,45.574,Basreh
64,171,Basreh,36.1445,45.574,Basreh
64,301,Paris,48.85341,2.3488,Paris
64,341,Baghdad,33.34058,44.40088,Baghdad
64,418,Paris,48.85341,2.3488,Paris
64,837,Paris,48.85341,2.3488,Paris
64,887,Baghdad,33.34058,44.40088,Baghdad
64,1097,Paris,48.85341,2.3488,Paris
64,1296,Paris,48.85341,2.3488,Paris
64,1339,Paris,48.85341,2.3488,Paris
64,1674,Basreh,36.1445,45.574,Basreh
65,200,Baghdad,33.34058,44.40088,Baghdad
65,211,Basreh,36.1445,45.574,Basreh
65,605,Basreh,36.1445,45.574,Basreh
65,683,Basreh,36.1445,45.574,Basreh
65,942,Ctesiphon,33.08333,44.58333,Ctesiphon
66,220,Memlah,34.30101,70.10191,Memlah
66,409,Baghdad,33.34058,44.40088,Baghdad
68,28,Amara,45.24866,27.29244,Amara
68,136,Amara,45.24866,27.29244,Amara
68,206,Amara,45.24866,27.29244,Amara
68,358,Aboo,6.1595,-1.76354,Aboo
68,377,Elbow,43.65737,-70.2589,Elbow
68,805,Gorna,51.12936,13.39085,Gorna
68,925,Basreh,36.1445,45.574,Basreh
69,435,Marseilles,43.29695,5.38107,Marseilles
69,561,Marseilles,43.29695,5.38107,Marseilles
69,636,Baghdad,33.34058,44.40088,Baghdad
69,671,Paris,48.85341,2.3488,Paris
69,940,Paris,48.85341,2.3488,Paris
69,1017,Marseilles,43.29695,5.38107,Marseilles
69,1247,Basreh,36.1445,45.574,Basreh
69,1279,Marseilles,43.29695,5.38107,Marseilles
69,1419,Basreh,36.1445,45.574,Basreh
69,2129,Marseilles,43.29695,5.38107,Marseilles
69,2142,Paris,48.85341,2.3488,Paris
69,2420,Bushire,28.96887,50.83657,Bushire
69,2588,Basreh,36.1445,45.574,Basreh
69,2601,Basreh,36.1445,45.574,Basreh
69,2611,Baghdad,33.34058,44.40088,Baghdad
70,90,Basreh,36.1445,45.574,Basreh
70,287,Gorna,51.12936,13.39085,Gorna
70,957,Amara,45.24866,27.29244,Amara
71,45,Amara,45.24866,27.29244,Amara
71,110,Amara,45.24866,27.29244,Amara
71,248,Amara,45.24866,27.29244,Amara
72,567,Memlah,34.30101,70.10191,Memlah
73,140,Azizeh,29.56243,57.23135,Azizieh
73,368,Baghdad,33.34058,44.40088,Baghdad
73,403,Europe,48.69096,9.14062,Europe
73,414,Aleppo,36.20124,37.16117,Aleppo
73,975,Ctesiphon,33.08333,44.58333,Ctesiphon
75,167,Mossul,36.335,43.11889,Mossul
75,226,Baghdad,33.34058,44.40088,Baghdad
75,256,Corsica,40.70784,-82.71657,Corsica
75,364,Mossul,36.335,43.11889,Mossul
76,298,Persia,42.46312,-78.93587,Persia
76,306,Teheran,35.69439,51.42151,Teheran
76,439,Aleppo,36.20124,37.16117,Aleppo
76,1263,Marseilles,43.29695,5.38107,Marseilles
78,456,Paris,48.85341,2.3488,Paris
78,618,Marseille,43.29695,5.38107,Marseilles
78,666,Bassora,30.50852,47.7804,Bassora
78,818,Paris,48.85341,2.3488,Paris
78,934,Marseilles,43.29695,5.38107,Marseilles
78,1264,Bagdad,33.34058,44.40088,Baghdad
78,1373,Bagdad,33.34058,44.40088,Baghdad
78,1580,Paris,48.85341,2.3488,Paris
78,1854,Basreh,36.1445,45.574,Basreh
79,135,Baghdad,33.34058,44.40088,Baghdad
79,146,Basreh,36.1445,45.574,Basreh
79,654,Persia,42.46312,-78.93587,Persia
79,789,Basreh,36.1445,45.574,Basreh
79,864,Paris,48.85341,2.3488,Paris
79,912,Paris,48.85341,2.3488,Paris
79,1024,Paris,48.85341,2.3488,Paris
79,1400,Ctesiphon,33.08333,44.58333,Ctesiphon
79,1551,Basreh,36.1445,45.574,Basreh
79,1877,Ledje,32.93481,36.385,Ledje
80,270,Vienna,48.20849,16.37208,Vienna
80,392,Mehdi,32.21413,49.43012,Mehdi
82,194,Amara,45.24866,27.29244,Amara
82,349,Baghdad,33.34058,44.40088,Baghdad
82,420,Baghdad,33.34058,44.40088,Baghdad
82,609,Basreh,36.1445,45.574,Basreh
82,657,Amara,45.24866,27.29244,Amara
83,159,Aboo,6.1595,-1.76354,Aboo
83,203,Elbow,43.65737,-70.2589,Elbow
83,734,Gorna,51.12936,13.39085,Gorna
83,780,Basreh,36.1445,45.574,Basreh
83,1271,Basreh,36.1445,45.574,Basreh
83,1316,Basreh,36.1445,45.574,Basreh
84,232,Paris,48.85341,2.3488,Paris
84,421,Marseilles,43.29695,5.38107,Marseilles
84,460,Manchester,38.597,-90.50929,Manchester
84,510,Marseilles,43.29695,5.38107,Marseilles
84,694,Marseille,43.29695,5.38107,Marseilles
84,891,Baghdad,33.34058,44.40088,Baghdad
84,1217,Baghdad,33.34058,44.40088,Baghdad
84,1280,Basreh,36.1445,45.574,Basreh
84,1290,Baghdad,33.34058,44.40088,Baghdad
85,88,Gorna,51.12936,13.39085,Gorna
85,528,Basreh,36.1445,45.574,Basreh
85,569,Amara,45.24866,27.29244,Amara
85,650,Basreh,36.1445,45.574,Basreh
85,722,Amara,45.24866,27.29244,Amara
85,1262,Amara,45.24866,27.29244,Amara
85,1587,Amara,45.24866,27.29244,Amara
86,178,Amara,45.24866,27.29244,Amara
86,431,Saad,31.75,48.61667,Saad
86,692,Mendeli,33.7481,45.55503,Mendeli
86,702,Bedra,46.80756,9.88402,Bedra
86,757,Mendeli,33.7481,45.55503,Mendeli
86,768,Bedra,46.80756,9.88402,Bedra
86,843,Gorna,51.12936,13.39085,Gorna
87,446,Basreh,36.1445,45.574,Basreh
87,906,Paris,48.85341,2.3488,Paris
87,1299,Ctesiphon,33.08333,44.58333,Ctesiphon
88,62,Diala,33.23562,74.37585,Diala River
88,921,Paris,48.85341,2.3488,Paris
88,951,Baghdad,33.34058,44.40088,Baghdad
88,1587,Baghdad,33.34058,44.40088,Baghdad
91,172,Mossul,36.335,43.11889,Mossul
91,183,Baghdad,33.34058,44.40088,Baghdad
91,290,Basreh,36.1445,45.574,Basreh
91,377,Aleppo,36.20124,37.16117,Aleppo
91,519,Baghdad,33.34058,44.40088,Baghdad
93,119,Baghdad,33.34058,44.40088,Baghdad
93,130,Basreh,36.1445,45.574,Basreh
93,377,Diala,33.23562,74.37585,Diala River
93,488,Ctesiphon,33.08333,44.58333,Ctesiphon
93,1011,Bushire,28.96887,50.83657,Bushire
93,1058,Basreh,36.1445,45.574,Basreh
93,1236,Amara,45.24866,27.29244,Amara
93,1269,Swera,36.37456,44.57847,Swera
94,683,Memlah,34.30101,70.10191,Memlah
94,904,Baghdad,33.34058,44.40088,Baghdad
94,1006,Marseilles,43.29695,5.38107,Marseilles
95,230,Amara,45.24866,27.29244,Amara
95,630,Amara,45.24866,27.29244,Amara
96,104,Amara,45.24866,27.29244,Amara
96,198,Amara,45.24866,27.29244,Amara
96,712,Amara,45.24866,27.29244,Amara
96,777,Basreh,36.1445,45.574,Basreh
96,975,Elbow,43.65737,-70.2589,Elbow
96,1176,Gorna,51.12936,13.39085,Gorna
96,1515,Basreh,36.1445,45.574,Basreh
96,1817,Baghdad,33.34058,44.40088,Baghdad
96,1867,Marseilles,43.29695,5.38107,Marseilles
97,469,Marseilles,43.29695,5.38107,Marseilles
98,554,Basreh,36.1445,45.574,Basreh
98,564,Baghdad,33.34058,44.40088,Baghdad
99,430,Bushire,28.96887,50.83657,Bushire
99,519,Amara,45.24866,27.29244,Amara
99,998,Amara,45.24866,27.29244,Amara
100,153,Amara,45.24866,27.29244,Amara
100,272,Sheikh Saad,32.83548,36.03716,Sheikh Saad
101,112,Mehdi,32.21413,49.43012,Mehdi
101,281,Memlah,34.30101,70.10191,Memlah
102,115,Bostan,42.35843,-71.05977,Bostan
102,135,Ctesiphon,33.08333,44.58333,Ctesiphon
102,438,Basreh,36.1445,45.574,Basreh
103,480,Paris,48.85341,2.3488,Paris
103,1399,Paris,48.85341,2.3488,Paris
103,1484,Paris,48.85341,2.3488,Paris
104,370,Paris,48.85341,2.3488,Paris
104,450,Baghdad,33.34058,44.40088,Baghdad
104,677,Paris,48.85341,2.3488,Paris
104,900,Paris,48.85341,2.3488,Paris
105,473,Baghdad,33.34058,44.40088,Baghdad
106,68,Mossul,36.335,43.11889,Mossul
106,840,Mossul,36.335,43.11889,Mossul
107,422,Baghdad,33.34058,44.40088,Baghdad
107,653,Baghdad,33.34058,44.40088,Baghdad
107,797,Paris,48.85341,2.3488,Paris
107,862,Bagdad,33.34058,44.40088,Baghdad
107,1331,Paris,48.85341,2.3488,Paris
107,1647,Basreh,36.1445,45.574,Basreh
107,1735,Basreh,36.1445,45.574,Basreh
108,86,Baghdad,33.34058,44.40088,Baghdad
108,97,Basreh,36.1445,45.574,Basreh
108,292,Diala,33.23562,74.37585,Diala River
108,763,Ctesiphon,33.08333,44.58333,Ctesiphon
108,895,Bushire,28.96887,50.83657,Bushire
108,903,Mirza,33.01221,70.61791,Mirza
108,909,Ali Khan,33.20908,68.76761,Ali Khan
108,955,Bombay,19.07283,72.88261,Bombay
109,239,Baghdad,33.34058,44.40088,Baghdad
109,393,Shadi,23.68333,120.16667,Shadi
110,505,Baghdad,33.34058,44.40088,Baghdad
110,622,Sheikh Saad,32.83548,36.03716,Sheikh Saad
111,48,Amara,45.24866,27.29244,Amara
111,199,Amara,45.24866,27.29244,Amara
111,276,Amara,45.24866,27.29244,Amara
111,285,Basreh,36.1445,45.574,Basreh
111,543,Gorna,51.12936,13.39085,Gorna
111,667,Basreh,36.1445,45.574,Basreh
112,557,London,51.50853,-0.12574,London
112,1315,Basreh,36.1445,45.574,Basreh
112,1325,Baghdad,33.34058,44.40088,Baghdad
112,1454,Basreh,36.1445,45.574,Basreh
113,50,Gorna,51.12936,13.39085,Gorna
113,142,Elbow,43.65737,-70.2589,Elbow
113,301,Basreh,36.1445,45.574,Basreh
113,377,Bushire,28.96887,50.83657,Bushire
113,660,Amara,45.24866,27.29244,Amara
113,749,Gorna,51.12936,13.39085,Gorna
113,956,Amara,45.24866,27.29244,Amara
113,1080,Amara,45.24866,27.29244,Amara
114,177,Amara,45.24866,27.29244,Amara
114,315,Sheikh Saad,32.83548,36.03716,Sheikh Saad
115,153,Mehdi,32.21413,49.43012,Mehdi
115,175,Memlah,34.30101,70.10191,Memlah
115,409,Vienna,48.20849,16.37208,Vienna
115,440,Baghdad,33.34058,44.40088,Baghdad
116,112,Ctesiphon,33.08333,44.58333,Ctesiphon
116,197,Diala,33.23562,74.37585,Diala River
116,461,Europe,48.69096,9.14062,Europe
117,432,Deir,25.33503,32.58179,Deir
117,456,Europe,48.69096,9.14062,Europe
117,491,Baghdad,33.34058,44.40088,Baghdad
119,356,Marseilles,43.29695,5.38107,Marseilles
122,166,Baghdad,33.34058,44.40088,Baghdad
122,177,Basreh,36.1445,45.574,Basreh
122,487,Ctesiphon,33.08333,44.58333,Ctesiphon
122,865,Cairo,30.06263,31.24967,Cairo
122,1031,Basreh,36.1445,45.574,Basreh
123,159,Mehdi,32.21413,49.43012,Mehdi
123,530,Basreh,36.1445,45.574,Basreh
123,693,Basreh,36.1445,45.574,Basreh
123,834,Marseilles,43.29695,5.38107,Marseilles
123,903,Baghdad,33.34058,44.40088,Baghdad
123,1093,Sheikh Saad,32.83548,36.03716,Sheikh Saad
124,232,Amara,45.24866,27.29244,Amara
124,358,Amara,45.24866,27.29244,Amara
125,128,Amara,45.24866,27.29244,Amara
125,250,Elbow,43.65737,-70.2589,Elbow
125,332,Elbow,43.65737,-70.2589,Elbow
125,731,Gorna,51.12936,13.39085,Gorna
125,782,Basreh,36.1445,45.574,Basreh
125,967,Port Said,31.12339,32.41926,Port Said
125,1236,Marseilles,43.29695,5.38107,Marseilles
126,246,Marseilles,43.29695,5.38107,Marseilles
126,336,Baghdad,33.34058,44.40088,Baghdad
126,560,Marseilles,43.29695,5.38107,Marseilles
126,683,Basreh,36.1445,45.574,Basreh
126,721,Kurachi,6.88333,-60.26667,Kurachi
126,884,Basreh,36.1445,45.574,Basreh
126,894,Baghdad,33.34058,44.40088,Baghdad
126,980,Basreh,36.1445,45.574,Basreh
127,102,Gorna,51.12936,13.39085,Gorna
127,298,Bushire,28.96887,50.83657,Bushire
127,425,Amara,45.24866,27.29244,Amara
127,478,Bombay,19.07283,72.88261,Bombay
127,551,Amara,45.24866,27.29244,Amara
128,70,Amara,45.24866,27.29244,Amara
128,181,Sheikh Saad,32.83548,36.03716,Sheikh Saad
129,93,Mehdi,32.21413,49.43012,Mehdi
129,175,Memlah,34.30101,70.10191,Memlah
129,283,Mehdi,32.21413,49.43012,Mehdi
130,134,Ctesiphon,33.08333,44.58333,Ctesiphon
130,1420,Basreh,36.1445,45.574,Basreh
130,1971,Paris,48.85341,2.3488,Paris
130,2644,Paris,48.85341,2.3488,Paris
131,814,Paris,48.85341,2.3488,Paris
131,1441,Paris,48.85341,2.3488,Paris
132,1205,Basreh,36.1445,45.574,Basreh
132,1221,Basreh,36.1445,45.574,Basreh
132,1394,Brass,4.31231,6.24091,Brass
132,1878,Paris,48.85341,2.3488,Paris
133,379,Paris,48.85341,2.3488,Paris
133,567,Vienna,48.20849,16.37208,Vienna
133,648,Paris,48.85341,2.3488,Paris
133,728,Marseilles,43.29695,5.38107,Marseilles
133,940,Marseilles,43.29695,5.38107,Marseilles
133,981,Basreh,36.1445,45.574,Basreh
133,1566,Paris,48.85341,2.3488,Paris
133,1710,Marseilles,43.29695,5.38107,Marseilles
133,1805,Marseilles,43.29695,5.38107,Marseilles
133,1900,Paris,48.85341,2.3488,Paris
133,2128,Baghdad,33.34058,44.40088,Baghdad
134,284,Paris,48.85341,2.3488,Paris
134,539,Damascus,33.5102,36.29128,Damascus
134,837,Paris,48.85341,2.3488,Paris
135,457,Leclair,45.89556,-76.65917,Leclair
135,468,Paris,48.85341,2.3488,Paris
135,645,Damascus,33.5102,36.29128,Damascus
135,784,Vienna,48.20849,16.37208,Vienna
135,898,Montpelli√®r,17.76081,-64.75625,Montpellier
135,1219,Paris,48.85341,2.3488,Paris
135,1978,Montpellier,43.61093,3.87635,Montpellier
135,2153,Paris,48.85341,2.3488,Paris
135,2209,Paris,48.85341,2.3488,Paris
136,92,Baghdad,33.34058,44.40088,Baghdad
136,103,Basreh,36.1445,45.574,Basreh
136,614,Mirza,33.01221,70.61791,Mirza
136,637,Baghdad,33.34058,44.40088,Baghdad
136,835,Ctesiphon,33.08333,44.58333,Ctesiphon
136,964,Swera,36.37456,44.57847,Swera
137,121,Swera,36.37456,44.57847,Swera
137,235,Europe,48.69096,9.14062,Europe
137,426,Baghdad,33.34058,44.40088,Baghdad
138,80,Swera,36.37456,44.57847,Swera
139,409,Baghdad,33.34058,44.40088,Baghdad
139,948,Sheikh Saad,32.83548,36.03716,Sheikh Saad
140,102,Amara,45.24866,27.29244,Amara
140,178,Amara,45.24866,27.29244,Amara
140,514,Amara,45.24866,27.29244,Amara
140,523,Gorna,51.12936,13.39085,Gorna
140,597,Gorna,51.12936,13.39085,Gorna
140,739,Basreh,36.1445,45.574,Basreh
141,346,Paris,48.85341,2.3488,Paris
141,409,Marseilles,43.29695,5.38107,Marseilles
141,864,Marseilles,43.29695,5.38107,Marseilles
141,1294,London,51.50853,-0.12574,London
141,1306,Paris,48.85341,2.3488,Paris
141,1789,Basreh,36.1445,45.574,Basreh
141,1799,Baghdad,33.34058,44.40088,Baghdad
141,1913,Basreh,36.1445,45.574,Basreh
141,2025,Gorna,51.12936,13.39085,Gorna
142,472,Deir,25.33503,32.58179,Deir
142,559,Baghdad,33.34058,44.40088,Baghdad
142,1167,Amara,45.24866,27.29244,Amara
142,1389,Baghdad,33.34058,44.40088,Baghdad
142,1415,Amara,45.24866,27.29244,Amara
143,221,Amara,45.24866,27.29244,Amara
144,563,Baghdad,33.34058,44.40088,Baghdad
144,713,Montpellier,43.61093,3.87635,Montpellier
144,1154,Bostan,42.35843,-71.05977,Bostan
145,96,Ctesiphon,33.08333,44.58333,Ctesiphon
145,577,Montpellier,43.61093,3.87635,Montpellier
145,1464,Baghdad,33.34058,44.40088,Baghdad
145,1526,Constantinople,41.01384,28.94966,Constantinople
145,1791,Montpellier,43.61093,3.87635,Montpellier
145,1908,Paris,48.85341,2.3488,Paris
145,1936,Marseilles,43.29695,5.38107,Marseilles
145,1975,Port Said,31.12339,32.41926,Port Said
146,122,Basreh,36.1445,45.574,Basreh
146,447,Euphrates,35.16667,40.28333,Euphrates
146,459,Aleppo,36.20124,37.16117,Aleppo
148,788,Lebanon Mountains,34.00083,35.99917,Lebanon Mountains
149,233,Vienna,48.20849,16.37208,Vienna
149,260,Damascus,33.5102,36.29128,Damascus
149,320,Paris,48.85341,2.3488,Paris
149,470,Paris,48.85341,2.3488,Paris
150,134,Baghdad,33.34058,44.40088,Baghdad
150,145,Basreh,36.1445,45.574,Basreh
150,535,Ctesiphon,33.08333,44.58333,Ctesiphon
151,377,England,52.16045,-0.70312,England
151,531,Baghdad,33.34058,44.40088,Baghdad
151,665,Sheikh Saad,32.83548,36.03716,Sheikh Saad
152,281,Amara,45.24866,27.29244,Amara
152,428,Amara,45.24866,27.29244,Amara
153,78,Amara,45.24866,27.29244,Amara
153,344,Gorna,51.12936,13.39085,Gorna
154,647,Basreh,36.1445,45.574,Basreh
154,720,Mellak,47.90392,-3.57764,Mellak
154,744,Basreh,36.1445,45.574,Basreh
154,932,Darby,45.41177,-72.64684,Darby
154,1017,London,51.50853,-0.12574,London
154,1143,Basreh,36.1445,45.574,Basreh
154,1245,Basreh,36.1445,45.574,Basreh
155,175,Baghdad,33.34058,44.40088,Baghdad
155,388,Basreh,36.1445,45.574,Basreh
155,398,Baghdad,33.34058,44.40088,Baghdad
155,760,Baghdad,33.34058,44.40088,Baghdad
155,1031,Gorna,51.12936,13.39085,Gorna
156,197,Gorna,51.12936,13.39085,Gorna
156,240,Gorna,51.12936,13.39085,Gorna
156,306,Baghdad,33.34058,44.40088,Baghdad
156,531,Amara,45.24866,27.29244,Amara
156,662,Amara,45.24866,27.29244,Amara
157,216,Amara,45.24866,27.29244,Amara
157,270,Sheikh Saad,32.83548,36.03716,Sheikh Saad
157,317,Amara,45.24866,27.29244,Amara
158,391,Basreh,36.1445,45.574,Basreh
158,476,Basreh,36.1445,45.574,Basreh
158,936,Memlah,34.30101,70.10191,Memlah
159,422,Ctesiphon,33.08333,44.58333,Ctesiphon
160,163,Diala,33.23562,74.37585,Diala River
160,240,Baghdad,33.34058,44.40088,Baghdad
160,492,Basreh,36.1445,45.574,Basreh
163,87,Basreh,36.1445,45.574,Basreh
163,207,Vienna,48.20849,16.37208,Vienna
163,234,Damascus,33.5102,36.29128,Damascus
164,186,Baghdad,33.34058,44.40088,Baghdad
164,197,Basreh,36.1445,45.574,Basreh
164,502,Diala,33.23562,74.37585,Diala River
164,524,Ctesiphon,33.08333,44.58333,Ctesiphon
164,706,Persia,42.46312,-78.93587,Persia
164,726,Bombay,19.07283,72.88261,Bombay
164,881,Basreh,36.1445,45.574,Basreh
164,890,Amara,45.24866,27.29244,Amara
164,1083,Basreh,36.1445,45.574,Basreh
164,1190,England,52.16045,-0.70312,England
165,157,Memlah,34.30101,70.10191,Memlah
165,564,Sheikh Saad,32.83548,36.03716,Sheikh Saad
166,174,Sheikh Saad,32.83548,36.03716,Sheikh Saad
166,591,Amara,45.24866,27.29244,Amara
166,651,Amara,45.24866,27.29244,Amara
167,212,Amara,45.24866,27.29244,Amara
167,278,Nafikh,31.49241,47.30537,Nafikh
167,482,Gorna,51.12936,13.39085,Gorna
168,98,Basreh,36.1445,45.574,Basreh
169,891,Teheran,35.69439,51.42151,Teheran
169,919,Baghdad,33.34058,44.40088,Baghdad
169,955,Basreh,36.1445,45.574,Basreh
169,965,Baghdad,33.34058,44.40088,Baghdad
169,1109,Basreh,36.1445,45.574,Basreh
170,118,Gorna,51.12936,13.39085,Gorna
170,457,Bombay,19.07283,72.88261,Bombay
170,709,Amara,45.24866,27.29244,Amara
170,775,Amara,45.24866,27.29244,Amara
171,59,Amara,45.24866,27.29244,Amara
171,239,Sheikh Saad,32.83548,36.03716,Sheikh Saad
172,348,Memlah,34.30101,70.10191,Memlah
173,184,Ctesiphon,33.08333,44.58333,Ctesiphon
174,257,Port Said,31.12339,32.41926,Port Said
174,472,Constantinople,41.01384,28.94966,Constantinople
176,895,Baghdad,33.34058,44.40088,Baghdad
176,1389,Port Said,31.12339,32.41926,Port Said
176,1402,Alexandretta,36.58718,36.17347,Alexandretta
176,1491,Aleppo,36.20124,37.16117,Aleppo
176,1914,Vienna,48.20849,16.37208,Vienna
176,1931,Bagdad,33.34058,44.40088,Baghdad
176,2133,Paris,48.85341,2.3488,Paris
176,2202,Paris,48.85341,2.3488,Paris
176,2362,Vienne,48.20849,16.37208,Vienna
176,2381,Constantinople,41.01384,28.94966,Constantinople
177,360,Constantinople,41.01384,28.94966,Constantinople
177,670,Germany,51.5,10.5,Germany
178,76,Baghdad,33.34058,44.40088,Baghdad
178,87,Basreh,36.1445,45.574,Basreh
179,88,Memlah,34.30101,70.10191,Memlah
179,528,Khedir,33.91249,66.1955,Khedir
179,538,Amara,45.24866,27.29244,Amara
180,192,Amara,45.24866,27.29244,Amara
180,492,Amara,45.24866,27.29244,Amara
181,145,Amara,45.24866,27.29244,Amara
181,185,Nafikh,31.49241,47.30537,Nafikh
181,361,Gorna,51.12936,13.39085,Gorna
181,605,Basreh,36.1445,45.574,Basreh
182,604,Basreh,36.1445,45.574,Basreh
182,614,Baghdad,33.34058,44.40088,Baghdad
182,748,Basreh,36.1445,45.574,Basreh
183,217,Gorna,51.12936,13.39085,Gorna
183,486,Baghdad,33.34058,44.40088,Baghdad
183,706,Amara,45.24866,27.29244,Amara
183,896,Amara,45.24866,27.29244,Amara
183,1078,Amara,45.24866,27.29244,Amara
184,129,Amara,45.24866,27.29244,Amara
184,309,January,-13.80392,33.21824,January
184,505,Baghdad,33.34058,44.40088,Baghdad
185,76,Memlah,34.30101,70.10191,Memlah
186,174,Ctesiphon,33.08333,44.58333,Ctesiphon
186,340,Horse,57.98333,-5.35,Horse
186,981,Bagdad,33.34058,44.40088,Baghdad
186,1204,Egypte,27,30,Egypt
186,1320,Bazin,19.73439,-72.35582,Bazin
186,1434,Vienna,48.20849,16.37208,Vienna
188,291,Cairo,30.06263,31.24967,Cairo
189,235,Mardin,37.31775,40.71533,Mardin
189,307,Deir,25.33503,32.58179,Deir
190,429,Vienna,48.20849,16.37208,Vienna
190,539,Basreh,36.1445,45.574,Basreh
191,292,Nadir,35.13211,45.87254,Nadir
191,321,Baghdad,33.34058,44.40088,Baghdad
191,447,Damascus,33.5102,36.29128,Damascus
192,160,Baghdad,33.34058,44.40088,Baghdad
192,171,Basreh,36.1445,45.574,Basreh
192,479,Ctesiphon,33.08333,44.58333,Ctesiphon
192,626,Moshi,-3.35,37.33333,Moshi
192,705,Basreh,36.1445,45.574,Basreh
193,143,Memlah,34.30101,70.10191,Memlah
193,609,Sheikh Saad,32.83548,36.03716,Sheikh Saad
194,692,Baghdad,33.34058,44.40088,Baghdad
194,912,Amara,45.24866,27.29244,Amara
194,1126,Baghdad,33.34058,44.40088,Baghdad
194,1234,Egypt,27,30,Egypt
195,138,Basreh,36.1445,45.574,Basreh
195,178,Amara,45.24866,27.29244,Amara
195,395,Gorna,51.12936,13.39085,Gorna
195,566,Basreh,36.1445,45.574,Basreh
195,918,Basreh,36.1445,45.574,Basreh
196,430,London,51.50853,-0.12574,London
196,519,Paris,48.85341,2.3488,Paris
196,720,Bombay,19.07283,72.88261,Bombay
196,1338,Bushire,28.96887,50.83657,Bushire
196,1791,Basreh,36.1445,45.574,Basreh
196,1801,Baghdad,33.34058,44.40088,Baghdad
197,264,Gorna,51.12936,13.39085,Gorna
197,645,Nafikh,31.49241,47.30537,Nafikh
198,33,Amara,45.24866,27.29244,Amara
198,98,Amara,45.24866,27.29244,Amara
198,152,Amara,45.24866,27.29244,Amara
198,196,Amara,45.24866,27.29244,Amara
199,379,Memlah,34.30101,70.10191,Memlah
200,255,Bostan,42.35843,-71.05977,Bostan
200,389,Ctesiphon,33.08333,44.58333,Ctesiphon
200,778,Paris,48.85341,2.3488,Paris
200,1004,Paris,48.85341,2.3488,Paris
200,1405,Port Said,31.12339,32.41926,Port Said
200,1474,Zurich,47.41667,8.66667,Zurich
200,1499,Marseilles,43.29695,5.38107,Marseilles
203,918,Brass,4.31231,6.24091,Brass
204,211,Baghdad,33.34058,44.40088,Baghdad
205,240,Vienna,48.20849,16.37208,Vienna
205,282,Vienna,48.20849,16.37208,Vienna
205,331,Paris,48.85341,2.3488,Paris
205,540,Mecca,21.42664,39.82563,Mecca
205,684,Damascus,33.5102,36.29128,Damascus
205,756,Vienna,48.20849,16.37208,Vienna
206,159,Baghdad,33.34058,44.40088,Baghdad
206,170,Basreh,36.1445,45.574,Basreh
206,368,Diala,33.23562,74.37585,Diala River
206,468,Menary,48.94991,-93.90034,Menary
206,609,Ctesiphon,33.08333,44.58333,Ctesiphon
206,665,Bostan,42.35843,-71.05977,Bostan
206,1043,Basreh,36.1445,45.574,Basreh
206,1200,Memlah,34.30101,70.10191,Memlah
207,207,Amara,45.24866,27.29244,Amara
207,281,Amara,45.24866,27.29244,Amara
208,90,Kalat,29.02663,66.59361,Kalat
208,97,Saleh,30.81925,67.32467,Saleh
208,196,Amara,45.24866,27.29244,Amara
208,229,Vienne,48.20849,16.37208,Vienna
208,436,Gorna,51.12936,13.39085,Gorna
208,509,Basreh,36.1445,45.574,Basreh
208,876,Basreh,36.1445,45.574,Basreh
208,1124,Paris,48.85341,2.3488,Paris
209,404,Basreh,36.1445,45.574,Basreh
209,842,Baghdad,33.34058,44.40088,Baghdad
100,516,Holland,52.25,5.75,Holland
107,880,America,22.75,-82.31667,America
108,1009,Basreh,36.1445,45.574,Basreh
109,82,Mossul,36.335,43.11889,Mossul
115,267,Mossul,36.335,43.11889,Mossul
117,423,Aleppo,36.20124,37.16117,Aleppo
122,668,Aboo,6.1595,-1.76354,Aboo
123,1033,Ali,45.43255,6.55558,Ali
123,1192,Sheikh Saad,32.83548,36.03716,Sheikh Saad
124,500,Ali,45.43255,6.55558,Ali
125,391,Mossul,36.335,43.11889,Mossul
130,251,Mossul,36.335,43.11889,Mossul
130,342,Mossul,36.335,43.11889,Mossul
130,2952,Mossul,36.335,43.11889,Mossul
132,996,Holland,52.25,5.75,Holland
134,1367,Damascus,33.5102,36.29128,Damascus
135,412,London,51.50853,-0.12574,London
135,157,Mossul,36.335,43.11889,Mossul
135,2051,Montpellier,43.61093,3.87635,Montpellier
136,620,Ali,45.43255,6.55558,Ali
13,578,Dawar,32.98389,44.73806,Dawar
140,382,Elbow,43.65737,-70.2589,Elbow
143,156,Mossul,36.335,43.11889,Mossul
145,756,Montpellier,43.61093,3.87635,Montpellier
145,464,Damascus,33.5102,36.29128,Damascus
152,212,Mossul,36.335,43.11889,Mossul
153,186,Amara,45.24866,27.29244,Amara
153,244,Elbow,43.65737,-70.2589,Elbow
158,664,Basreh,36.1445,45.574,Basreh
158,1002,Holland,52.25,5.75,Holland
160,1791,Mossul,36.335,43.11889,Mossul
162,59,Mossul,36.335,43.11889,Mossul
164,1288,Holland,52.25,5.75,Holland
165,290,Holland,52.25,5.75,Holland
166,85,Baghdad,33.34058,44.40088,Baghdad
171,699,Holland,52.25,5.75,Holland
173,493,Baghdad,33.34058,44.40088,Baghdad
175,166,Baghdad,33.34058,44.40088,Baghdad
176,935,Bazin,19.73439,-72.35582,Bazin
176,1341,Bazin,19.73439,-72.35582,Bazin
176,1591,Bazin,19.73439,-72.35582,Bazin
176,1672,Bazin,19.73439,-72.35582,Bazin
176,913,Port Said,31.12339,32.41926,Port Said
176,1720,Alexandretta,36.58718,36.17347,Alexandretta
177,476,Mossul,36.335,43.11889,Mossul
178,452,Saleh,30.81925,67.32467,Saleh
179,395,Holland,52.25,5.75,Holland
181,298,Baghdad,33.34058,44.40088,Baghdad
181,763,Mackenzie,-27.54351,153.12057,Mackenzie
183,944,Egypte,27,30,Egypt
183,1024,Egypte,27,30,Egypt
184,550,Holland,52.25,5.75,Holland
185,178,Baghdad,33.34058,44.40088,Baghdad
185,286,Mossul,36.335,43.11889,Mossul
186,1039,Egypte,27,30,Egypt
186,193,Diala,33.23562,74.37585,Diala River
187,768,Baghdad,33.34058,44.40088,Baghdad
188,412,Egypte,27,30,Egypt
188,358,Egypt,27,30,Egypt
189,333,Europe,48.69096,9.14062,Europe
18,229,Elbow,43.65737,-70.2589,Elbow
191,394,Basreh,36.1445,45.574,Basreh
191,628,Baghdad,33.34058,44.40088,Baghdad
192,315,Baghdad,33.34058,44.40088,Baghdad
193,868,Mossul,36.335,43.11889,Mossul
193,217,Holland,52.25,5.75,Holland
194,70,Baghdad,33.34058,44.40088,Baghdad
194,1257,Baghdad,33.34058,44.40088,Baghdad
195,81,Baghdad,33.34058,44.40088,Baghdad
195,432,Baghdad,33.34058,44.40088,Baghdad
196,1371,Ali,45.43255,6.55558,Ali
197,544,Ali,45.43255,6.55558,Ali
197,679,hit,26.2793,57.21542,Hit
200,1791,Mossul,36.335,43.11889,Mossul
202,136,Mossul,36.335,43.11889,Mossul
203,296,Mossul,36.335,43.11889,Mossul
205,572,Baghdad,33.34058,44.40088,Baghdad
205,196,Damascus,33.5102,36.29128,Damascus
206,1019,Aleppo,36.20124,37.16117,Aleppo
209,818,Mossul,36.335,43.11889,Mossul
22,1106,Baghdad,33.34058,44.40088,Baghdad
23,330,Mossul,36.335,43.11889,Mossul
25,147,Basreh,36.1445,45.574,Basreh
25,613,Basreh,36.1445,45.574,Basreh
30,1370,London,51.50853,-0.12574,London
30,1475,Marseille,43.29695,5.38107,Marseilles
30,1485,Port Said,31.12339,32.41926,Port Said
35,786,Mardin,37.31775,40.71533,Mardin
35,400,Mossul,36.335,43.11889,Mossul
36,696,Mossul,36.335,43.11889,Mossul
46,128,Mossul,36.335,43.11889,Mossul
46,292,Mossul,36.335,43.11889,Mossul
47,359,Ctesiphon,33.08333,44.58333,Ctesiphon
47,996,horse,57.98333,-5.35,Horse
55,166,Mossul,36.335,43.11889,Mossul
55,226,Elbow,43.65737,-70.2589,Elbow
55,517,Mackenzie,-27.54351,153.12057,Mackenzie
55,193,Nafikh,31.49241,47.30537,Nafikh
58,596,Amara,45.24866,27.29244,Amara
62,58,Mossul,36.335,43.11889,Mossul
63,155,Mossul,36.335,43.11889,Mossul
64,1374,Basreh,36.1445,45.574,Basreh
64,134,Mossul,36.335,43.11889,Mossul
66,373,Mossul,36.335,43.11889,Mossul
67,102,Mossul,36.335,43.11889,Mossul
67,221,Mossul,36.335,43.11889,Mossul
67,304,Mossul,36.335,43.11889,Mossul
67,396,Mossul,36.335,43.11889,Mossul
69,1737,Bushire,28.96887,50.83657,Bushire
70,247,Mossul,36.335,43.11889,Mossul
79,351,Holland,52.25,5.75,Holland
79,1955,Holland,52.25,5.75,Holland
80,810,Marseille,43.29695,5.38107,Marseilles
80,438,Mossul,36.335,43.11889,Mossul
81,616,Basreh,36.1445,45.574,Basreh
83,936,Mackenzie,-27.54351,153.12057,Mackenzie
85,312,Elbow,43.65737,-70.2589,Elbow
87,610,Holland,52.25,5.75,Holland
88,194,Mossul,36.335,43.11889,Mossul
89,232,Mossul,36.335,43.11889,Mossul
93,1077,Holland,52.25,5.75,Holland
94,752,Holland,52.25,5.75,Holland
96,1594,Mossul,36.335,43.11889,Mossul
9,426,Mossul,36.335,43.11889,Mossul
